rank,bbl,address,owner,url,source
1,1009950005,"1472 Broadway, New York, NY 10036",Durst Organization,https://en.wikipedia.org/wiki/4_Times_Square,Wikipedia
2,1010160036,"1515 Broadway, New York, NY 10036",SL Green Realty,https://en.wikipedia.org/wiki/One_Astor_Plaza,Wikipedia
3,1013010001,"245 Park Ave, New York, NY 10167",SL Green Realty,https://en.wikipedia.org/wiki/245_Park_Avenue,Wikipedia
4,1010400029,"825 8 Ave, New York, NY 10019",SL Green Realty,https://en.wikipedia.org/wiki/One_Worldwide_Plaza,Wikipedia
5,1005540001,"770 Broadway, New York, NY 10001",Vornado Realty Trust,https://en.wikipedia.org/wiki/770_Broadway,Wikipedia
6,1013290001,"919 3 Ave, New York, NY 10022",SL Green Realty,https://en.wikipedia.org/wiki/919_Third_Avenue,Wikipedia
7,1001210001,"1 Centre St, New York, NY 10013",City of New York,https://en.wikipedia.org/wiki/Manhattan_Municipal_Building,Wikipedia
8,1008570024,"63 Madison Ave, New York, NY 10016",George Comfort & Sons,https://www.georgecomfort.com/property/63-madison-avenue,realestate
9,1009990019,"114 W 47th St, New York, NY 10036",Durst Organization,https://www.durst.org/properties/114-west-47th-street,realestate
10,1010070029,"1345 Ave Of The Americas, New York, NY 10019",Blackstone,https://en.wikipedia.org/wiki/1345_Avenue_of_the_Americas,Wikipedia
11,1013190047,"733 3 Ave, New York, NY 10017",Durst Organization,https://www.durst.org/properties/733-third-avenue,realestate
12,1013180001,"711 3 Ave, New York, NY 10017",SL Green Realty,https://slgreen.com/properties/711-third-avenue/,realestate
13,1010140033,"3 Times Square, New York, NY 10036",Rudin,https://en.wikipedia.org/wiki/3_Times_Square,Wikipedia
14,1001190001,"1 Police Plaza, New York, NY 10038",City of New York,https://en.wikipedia.org/wiki/1_Police_Plaza,Wikipedia
15,1013070001,"375 Park Ave, New York, NY 10152",RFR Realty,https://en.wikipedia.org/wiki/Seagram_Building,Wikipedia
16,1009930029,"5 Bryant Park, New York, NY 10018",Savanna Real Estate Fund,https://en.wikipedia.org/wiki/5_Bryant_Park,Wikipedia
17,1013150001,"655 3 Ave, New York, NY 10017",Durst Organization,https://www.durst.org/properties/655-third-avenue,realestate
18,1000400003,"60 Wall St, New York, NY 10005",Paramount Group,https://en.wikipedia.org/wiki/60_Wall_Street,Wikipedia
19,1013060001,"345 Park Ave, New York, NY 10154",Rudin,https://en.wikipedia.org/wiki/345_Park_Avenue,Wikipedia
20,1000480001,"140 Broadway, New York, NY 10005",Hines,https://en.wikipedia.org/wiki/140_Broadway,Wikipedia
21,1010210019,"1613 Broadway, New York, NY 10019",Vornado Realty Trust,https://en.wikipedia.org/wiki/The_Brill_Building,Wikipedia
22,1000130027,"25 Broadway, New York, NY 10004",ACTA Realty,https://en.wikipedia.org/wiki/Cunard_Building_(New_York_City),Wikipedia
23,1012940037,"500 Park Ave, New York, NY 10022",SL Green Realty,https://en.wikipedia.org/wiki/500_Park_Avenue,Wikipedia
24,1012960001,"125 Park Ave, New York, NY 10168",SL Green Realty,https://en.wikipedia.org/wiki/125_Park_Avenue,Wikipedia
25,1001530001,"280 Broadway, New York, NY 10007",City of New York,https://en.wikipedia.org/wiki/280_Broadway,Wikipedia
26,1000460009,"14 Wall St, New York, NY 10005","Rovt, Alexander",https://en.wikipedia.org/wiki/14_Wall_Street,Wikipedia
27,1009950033,"1111 Ave Of The Americas, New York, NY 10036",Brookfield,https://en.wikipedia.org/wiki/1111_Avenue_of_the_Americas,Wikipedia
28,1000160260,"200 W St, New York, NY 10282",Goldman Sachs Group,https://en.wikipedia.org/wiki/200_West_Street,Wikipedia
29,1000250001,"55 Broad St, New York, NY 10004",Silverstein Properties,https://en.wikipedia.org/wiki/55_Broad_Street,Wikipedia
30,1012920037,"450 Park Ave, New York, NY 10022",SL Green Realty,https://en.wikipedia.org/wiki/450_Park_Avenue,Wikipedia
31,1010270020,"1740 Broadway, New York, NY 10019",EQ Office,https://en.wikipedia.org/wiki/1740_Broadway,Wikipedia
32,1013030001,"299 Park Ave, New York, NY 11364",Fisher Brothers Management,https://en.wikipedia.org/wiki/299_Park_Avenue,Wikipedia
33,1010250043,"1697 Broadway, New York, NY 10019",CBS,https://en.wikipedia.org/wiki/Ed_Sullivan_Theater,Wikipedia
34,1000220028,"52 Broadway, New York, NY 10004",Jack Resnick & Sons,https://en.wikipedia.org/wiki/52_Broadway,Wikipedia
35,1008650014,"200 Madison Ave, New York, NY 10016",George Comfort & Sons,https://en.wikipedia.org/wiki/200_Madison_Avenue,Wikipedia
36,1010030029,"1271 Ave Of The Americas, New York, NY 10020",Rockefeller Group,https://en.wikipedia.org/wiki/1271_Avenue_of_the_Americas,Wikipedia
37,1000210004,"65 Broadway, New York, NY 10006",Chetrit Group,https://en.wikipedia.org/wiki/65_Broadway,Wikipedia
38,1000220013,"26 Broadway, New York, NY 10004",Chetrit Group,https://en.wikipedia.org/wiki/26_Broadway,Wikipedia
39,1008690066,"10 E 40th St, New York, NY 10016",Joseph P. Day,https://en.wikipedia.org/wiki/10_East_40th_Street,Wikipedia
40,1012870014,488 MADISON AVENUE,Feil Organization,https://en.wikipedia.org/wiki/488_Madison_Avenue,Wikipedia
41,1012910010,"550 Madison Ave, New York, NY 10022",Olayan America,https://en.wikipedia.org/wiki/550_Madison_Avenue,Wikipedia
42,1004980009,"557 Broadway, New York, NY 10012",Vornado Realty Trust,https://en.wikipedia.org/wiki/Scholastic_Building,Wikipedia
43,1009940001,"1459 Broadway, New York, NY 10019",Swig Equities,https://en.wikipedia.org/wiki/Times_Square_Tower,Wikipedia
44,1000490002,"111 Broadway, New York, NY 10006",Madison International Realty,https://en.wikipedia.org/wiki/Trinity_and_United_States_Realty_Buildings,Wikipedia
45,1010130029,"592 7 Ave, New York, NY 10036",RXR Realty,https://en.wikipedia.org/wiki/5_Times_Square,Wikipedia
46,1012910028,"65 E 55th St, New York, NY 10022",Macklowe Management,https://en.wikipedia.org/wiki/Park_Avenue_Tower,Wikipedia
47,1000130005,"11 Broadway, New York, NY 10004",KF Braun,https://en.wikipedia.org/wiki/Bowling_Green_Offices_Building,Wikipedia
48,1000400014,"48 Wall St, New York, NY 10005",Swig Equities,https://en.wikipedia.org/wiki/48_Wall_Street,Wikipedia
49,1000500001,"115 Broadway, New York, NY 10006",Capital Properties,https://en.wikipedia.org/wiki/115_Broadway,Wikipedia
50,1000880018,"225 Broadway, New York, NY 10007",KF Braun,https://en.wikipedia.org/wiki/225_Broadway,Wikipedia
51,1000240029,"30 Broad St, New York, NY 10004",Edge Principal Advisors,https://en.wikipedia.org/wiki/30_Broad_Street,Wikipedia
52,1010320048,"330 W 42nd St, New York, NY 10036",Deco Towers Associates,https://en.wikipedia.org/wiki/330_West_42nd_Street,Wikipedia
53,1000090014,"17 State St, New York, NY",RFR Realty,https://en.wikipedia.org/wiki/17_State_Street,Wikipedia
54,1000130001,"1 Broadway, New York, NY",Rockwood,https://en.wikipedia.org/wiki/1_Broadway,Wikipedia
55,1000290036,"1 William St, New York, NY",Banca IMI Securities,https://en.wikipedia.org/wiki/1_William_Street_(New_York_City),Wikipedia
56,1007840041,"450 7 Ave, New York, NY",Kaufman Organization,https://en.wikipedia.org/wiki/Nelson_Tower,Wikipedia
57,1009960001,"1500 Broadway, New York, NY",Tamares Group,https://en.wikipedia.org/wiki/1500_Broadway,Wikipedia
58,1012830017,"400 Madison Ave, New York, NY",SL Green Realty,https://en.wikipedia.org/wiki/400_Madison_Avenue,Wikipedia
59,1012840002,"597 5 Ave, New York, NY",A & A Investmnt Grp,https://en.wikipedia.org/wiki/Scribner_Building,Wikipedia
60,1012870033,"350 Park Ave, New York, NY 10022",Vornado Realty Trust,https://en.wikipedia.org/wiki/350_Park_Avenue,Wikipedia
61,1012890021,"515 Madison Ave, New York, NY",GFP Real Estate,https://en.wikipedia.org/wiki/DuMont_Building,Wikipedia
62,1007390001,"111 8 Ave, New York, NY 10011",Google,https://en.wikipedia.org/wiki/111_Eighth_Avenue,Wikipedia
63,1010040020,"787 7 Ave, New York, NY 10019",CommonWealth Partners,https://en.wikipedia.org/wiki/787_Seventh_Avenue,Wikipedia
64,1012680001,"51 W 52nd St, New York, NY 10019",Harbor Group International,https://en.wikipedia.org/wiki/CBS_Building,Wikipedia
65,1007310001,"460 W 34th St, New York, NY 10001",SL Green Realty,https://www.emporis.com/buildings/132556/master-printers-building-new-york-city-ny-usa,Emporis
66,1010040029,"1285 Ave Of The Americas, New York, NY 10019",RXR Realty,https://www.ubs.com/locations/united-states/new-york/1285-avenue-of-the-americas/ubs-global-asset-management-americas-inc-815.html,UBS
67,1009960029,"1133 Ave Of The Americas, New York, NY 10036",Durst Organization,https://www.durst.org/properties/1133-avenue-of-the-americas,Durst
68,1012940046,"625 Madison Ave, New York, NY 10022",Related Companies,https://www.related.com/our-company/properties/revlon-building-625-madison,Related
69,1013010023,"485 Lexington Ave, New York, NY 10017",SL Green Realty,https://slgreen.com/properties/485-lexington-avenue/,SL Green
70,1012670001,"1290 Ave Of The Americas, New York, NY 10104",Vornado Realty Trust,https://www.vno.com/office/property/1290-avenue-of-the-americas/3311697/landing,Vornado
71,1013280001,"909 3 Ave, New York, NY 10022",Vornado Realty Trust,https://www.vno.com/office/property/909-third-avenue/3311685/landing,Vornado
72,1000940025,"100 Gold St, New York, NY 10038",City of New York,https://www.nyc.gov/site/dcas/business/dcasmanagedbuildings/100-gold-street.page,NYC DCAS
73,1010250025,"1690 Broadway, New York, NY 10019",Vornado Realty Trust,https://1700broadway.com/,realestate
74,1010150029,"1493 Broadway, New York, NY 10036",Paramount Group,https://en.wikipedia.org/wiki/Paramount_Building,Wikipedia
75,1012700071,"1350 Ave Of The Americas, New York, NY 10019",SL Green Realty,https://newyorkbefore.com/place.php?building=mgm_building,architecture
76,1013000001,"230 Park Ave, New York, NY 10017",RXR Realty,https://en.wikipedia.org/wiki/Helmsley_Building,Wikipedia
77,1013070001,"375 Park Ave, New York, NY 10152",RFR Realty,https://en.wikipedia.org/wiki/Seagram_Building,Wikipedia
78,1006720001,"601 W 26th St, New York, NY 10001",Blackstone,https://en.wikipedia.org/wiki/Starrett-Lehigh_Building,OpenAI Web Search
79,1000660001,"19 Liberty St, New York, NY 10038",Fosun International,https://en.wikipedia.org/wiki/Federal_Reserve_Bank_of_New_York,OpenAI Web Search
80,1009970029,"1155 Ave Of The Americas, New York, NY 10036",Durst Organization,https://www.durst.org/properties/1155-avenue-of-the-americas,OpenAI Web Search
81,1013210022,"885 2 Ave, New York, NY 10017",Tower Plaza Associates,https://en.wikipedia.org/wiki/One_Dag_Hammarskj%C3%B6ld_Plaza,Wikipedia
82,1012670022,"15 W 51st St, New York, NY 10104",Sedesco,https://en.wikipedia.org/wiki/75_Rockefeller_Plaza,Wikipedia
83,1008410049,"452 5 Ave, New York, NY 10018",Property Group Partners,https://en.wikipedia.org/wiki/452_Fifth_Avenue,Wikipedia
84,1012750001,"461 5 Ave, New York, NY 10017",SL Green Realty,https://en.wikipedia.org/wiki/461_Fifth_Avenue,Wikipedia
85,1012670041,"650 5 Ave, New York, NY 10019",Wharton Properties,https://en.wikipedia.org/wiki/650_Fifth_Avenue,Wikipedia
86,1012710038,"712 5 Ave, New York, NY 10019",Paramount Group,https://en.wikipedia.org/wiki/712_Fifth_Avenue,Wikipedia
87,1006460001,"40 10 Ave, New York, NY 10034",Aurora Capital Associates,https://en.wikipedia.org/wiki/40_Tenth_Avenue,Wikipedia
88,1012640040,"608 5 Ave, New York, NY 10020",Omnispective Management,https://en.wikipedia.org/wiki/608_Fifth_Avenue,Wikipedia
89,1012900001,"689 5 Ave, New York, NY 10022",Vornado Realty Trust,https://en.wikipedia.org/wiki/689_Fifth_Avenue,Wikipedia
90,1010280029,"888 7 Ave, New York, NY 10106",Vornado Realty Trust,https://en.wikipedia.org/wiki/888_Seventh_Avenue,Wikipedia
91,1000210001,"61 Broadway, New York, NY 10006",RXR Realty,https://en.wikipedia.org/wiki/Adams_Express_Building,Wikipedia
92,1010090005,"152 W 57th St, New York, NY 10019",TF Cornerstone,https://en.wikipedia.org/wiki/Carnegie_Hall_Tower,Wikipedia
93,1000670001,"59 Maiden Lane, New York, NY 10038",AmTrust Realty,https://en.wikipedia.org/wiki/Home_Insurance_Plaza,Wikipedia
94,1008230024,"19 W 21st St, New York, NY 10010",Mehra Properties,https://en.wikipedia.org/wiki/Spero_Building,Wikipedia
95,1012880007,10 E 53 St,SL Green Realty,https://slgreen.com/properties/10-east-53rd-street/,
96,1008690034,90 Park Ave,Vornado Realty Trust,https://www.vno.com/office/property/90-park-avenue/3311681/landing,
97,1012880007,10 E 53 St,SL Green Realty,https://slgreen.com/properties/10-east-53rd-street/,
98,1008690034,90 Park Ave,Vornado Realty Trust,https://www.vno.com/office/property/90-park-avenue/3311681/landing,
99,1009990029,1185 Ave Of The Americas,SL Green Realty,https://slgreen.com/properties/1185-avenue-of-the-americas/,
100,1012770014,330 Madison Ave,Vornado Realty Trust,https://330madison.com/,
101,1012750027,100 Park Ave,SL Green Realty,https://slgreen.com/properties/100-park-avenue/,
102,1012850021,437 Madison Ave,Kaufman Organization,https://sagerealty.com/properties/437-madison-avenue/,
103,1013120041,150 E 58 St,Vornado Realty Trust,https://www.vno.com/office/property/150-east-58th-street/3311669/landing,
104,1001270018,255 Greenwich St,Jack Resnick & Sons,https://resnicknyc.com/commercial_building/255-greenwich-street/,
105,1008550037,35 Madison Ave,Rudin,,
106,1005970012,78 Vandam St,Jack Resnick & Sons,,
107,1008080040,100 W 33 St,Vornado Realty Trust,https://www.vno.com/office/property/manhattan-mall/100-west-33rd-street/3311652/landing,
108,1007570054,330 W 34 St,Vornado Realty Trust,https://www.vno.com/office/property/330-west-34th-street/3311660/landing,
109,1007860051,498 7 Ave,Vornado Realty Trust,https://www.gcomfort.com/portfolio-items/498-seventh-avenue/,
110,1008430045,79 5 Ave,Vornado Realty Trust,https://79fifth.com/,
111,1000240001,60 Broad St,Piedmont Realty Trust,https://www.piedmontreit.com/markets/new-york-metropolitan-area/60-broad-street/,
112,1013250001,845 3 Ave,Rudin,https://www.rudin.com/,
113,1012950033,622 3 Ave,Cohen Brothers,https://www.cohenbrothersrealty.com/office/grand-central-plaza,
114,1008870095,471 Park Ave S,Williams Equities,https://williamsequities.com/,
115,1005810063,225 Varick St,Hines,https://www.hines.com/properties/hudson-square-portfolio-new-york,
116,1013050013,560 Lexington Ave,Rudin,,
117,1008360026,7 W 34 St,Vornado Realty Trust,,
118,1013090023,641 Lexington Ave,Rudin,,
119,1005990064,375 Hudson St,Trinity Church Wall Street,https://www.hines.com/properties/hudson-square-portfolio-new-york,
120,1008510041,304 Park Ave S,SL Green Realty,https://slgreen.com/properties/304-park-avenue-south/,
121,1013160001,675 3 Ave,Durst Organization,https://www.durst.org/properties/675-third-avenue,
122,1013320001,979 3 Ave,Cohen Brothers,https://ddbuilding.com/,
123,1005780047,250 Hudson St,Jack Resnick & Sons,https://resnicknyc.com/commercial_building/250-hudson-street/,
124,1010240015,1675 Broadway,Rudin,https://www.rudin.com/commercial-properties/1675-broadway,
125,1013010033,750 3 Ave,SL Green Realty,,
126,1007830070,250 W 34 St,Vornado Realty Trust,,
127,1012780069,529 5 Ave,Empire State Realty Trust,,
128,1001680032,"75 Centre St, New York, NY 10013",City of New York,,
129,1007130001,"75 9 Ave, New York, NY 10011",Google,,
130,1008070001,"393 7 Ave, New York, NY 10001",Vornado Realty Trust,,
131,1001550001,"2 Lafayette St, New York, NY 10007",City of New York,,
132,1000090029,"24 State St, New York, NY 10004",Rudin,,
133,1021240043,"3940 Broadway, New York, NY 10032",City of New York,,
134,1012750023,"285 Madison Ave, New York, NY 10017",SL Green Realty,,
135,1008330011,"1240 Broadway, New York, NY 10001",Vornado Realty Trust,,
136,1008680016,"260 Madison Ave, New York, NY 10016",Sapir Organization,,
137,1012600024,"19 W 44th St, New York, NY 10036",SL Green Realty,,
138,1008150046,"1430 Broadway, New York, NY 10018",Steinberg,,
139,1001530024,"23 Chambers St, New York, NY 10007",City of New York,,
140,1001220001,"52 Chambers St, New York, NY 10007",City of New York,,
141,1000390012,"110 Maiden Lane, New York, NY 10005",Rudin,,
142,1010290053,"1784 Broadway, New York, NY 10019",Vornado Realty Trust,,
143,1005590016,"124 E 14th St, New York, NY 10003",City of New York,,
144,1005450015,"726 Broadway, New York, NY 10003",NYU,,
145,1008340049,"4 W 33rd St, New York, NY 10001",Adams & Company,,
146,1000330001,"77 Water St, New York, NY 10005",Kaufman Organization,,
147,1008150001,"1411 Broadway, New York, NY 10018",La Caisse,,
148,1013220001,"777 3 Ave, New York, NY 10017",Kaufman Organization,,
149,1012780001,"521 5 Ave, New York, NY 10018",Savanna Real Estate Fund,,
150,1013000033,"730 3 Ave, New York, NY 10017",TIAA-CREF,,
151,1013230047,"805 3 Ave, New York, NY 10022",Cohen Brothers,,
152,1011050036,"600 W 58th St, New York, NY 10019",Durst Organization,,
153,1000290070,"75 Broad St, New York, NY 10004",JEMB,,
154,1012840007,"7 E 48th St, New York, NY 10017",Sioni Group,,
155,1012910001,"711 5 Ave, New York, NY 10022",Bilgili Holding,,
156,1006020068,"435 Hudson St, New York, NY 10014",Hines,,
157,1010030005,"135 W 50th St, New York, NY 10020",DMLG Builders,,
158,1013170001,"685 3 Ave, New York, NY 10017",BGO,,
159,1008680025,"261 Madison Ave, New York, NY 10016",Sapir Organization,,
160,1008040001,"319 7 Ave, New York, NY 10001",Vornado Realty Trust,,
161,1012690001,"1330 Ave Of The Americas, New York, NY 10019",1330 CE26,,
162,1007580082,"440 9 Ave, New York, NY 10001",SL Green Realty,,
163,1008010001,"275 7 Ave, New York, NY 10001",Vornado Realty Trust,,
164,1012880001,"655 5 Ave, New York, NY 10022",Vornado Realty Trust,,
165,1013050060,"566 Lexington Ave, New York, NY 10022",Feil Organization,,
166,1013130005,"111 E 58th St, New York, NY 10022",Jack Resnick & Sons,,
167,1000200016,"55 Broadway, New York, NY 10006",Vornado Realty Trust,,
168,1013200046,"747 3 Ave, New York, NY 10017",Kaufman Organization,,
169,1012750014,"284 Madison Ave, New York, NY 10017",APF Properties,,
170,1008610015,"134 Madison Ave, New York, NY 10016",Williams Equities,,
171,1008240028,"40 W 23rd St, New York, NY 10010",Williams Equities,,
172,1012610021,"25 W 45th St, New York, NY 10036",APF Properties,,
173,1007590045,"519 8 Ave, New York, NY 10018",Kaufman Organization,,
174,1012810069,"553 5 Ave, New York, NY 10017",SL Green Realty,,
175,1012910038,"430 Park Ave, New York, NY 10022",Komohil,,
176,1004980011,"549 Broadway, New York, NY 10012",Vornado Realty Trust,,
177,1008470040,"230 Park Ave South, New York, NY 10003",TF Cornerstone,,
178,1000770008,"110 William St, New York, NY 10038","Pacific Oak Capital Advisors, Invesco",,
179,1007800036,"370 7 Ave, New York, NY 10001",Brookfield,,
180,1009930022,"115 W 40th St, New York, NY 10018",Adams & Company,,
181,1008720013,"35 Irving Pl, New York, NY 10003",GFP Real Estate,,
182,1008410054,"8 W 40th St, New York, NY 10018",Jack Resnick & Sons,,
183,1013740060,"10 E 60th St, New York, NY 10022",Findim Investments S.A.,,
184,1007870040,"500 7 Ave, New York, NY 10018",Moinian Group,,
185,1013090032,"900 3 Ave, New York, NY 10022",Paramount Group,,
186,1012670034,"640 5 Ave, New York, NY 10019",Vornado Realty Trust,,
187,1013750021,"653 Madison Ave, New York, NY 10065",Adler Group,,
188,1012930059,"600 Madison Ave, New York, NY 10022",Ruben Companies,,
189,1012710071,"1370 Ave Of The Americas, New York, NY 10019",Barings,,
190,1007780036,"322-326 7Th Ave, New York, NY 10001",GFP Real Estate,,
191,1011130051,"16 W 61st St, New York, NY 10023",Williams Equities,,
192,1008290036,"236 5 Ave, New York, NY 10001",Kaufman Organization,,
193,1012720066,"48 W 57th St, New York, NY 10019",Vornado Realty Trust,,
194,1000100023,"1 Whitehall St, New York, NY 10004",Chetrit Group,,
195,1007850037,"462 7 Ave, New York, NY 10018",Kaufman Organization,,
196,1013260001,"875 3 Ave, New York, NY 10022",Global Holdings Management,,
197,1012780014,"340 Madison Ave, New York, NY 10173",Barings,,
198,1005050036,"161 Ave Of The Americas, New York, NY 10013",Imperium,,
199,1008110051,"132 W 36th St, New York, NY 10018",Kaufman Organization,,
200,1007600032,"307 W 36th St, New York, NY 10018",GFP Real Estate,,
201,1012870052,"485 Madison Ave, New York, NY 10022",Jack Resnick & Sons,,
202,1000220020,"42 Broadway, New York, NY 10004",Vornado Realty Trust,,
203,1008110031,"1350 Broadway, New York, NY 10018",Empire State Realty Trust,,
204,1000290073,"44 Beaver St, New York, NY 10004",City of New York,,
205,1008160037,"84 5 Ave, New York, NY 10011",Vornado Realty Trust,,
206,1007950028,"111 W 19th St, New York, NY 10011",Kaufman Organization,,
207,1017750033,"2322 3 Ave, New York, NY 10035",Jack Resnick & Sons,,
208,1008290016,"31 W 27th St, New York, NY 10001",Savanna Real Estate Fund,,
209,1012730012,"37 W 57th St, New York, NY 10019",Sedesco,,
210,1000200004,"39 Broadway, New York, NY 10006",Cammeby's,,
211,1008380076,"48 W 37th St, New York, NY 10018",Adams & Company,,
212,1012950023,"355 Lexington Ave, New York, NY 10017",Rudin,,
213,1008790081,"315 Park Ave South, New York, NY 10010",Columbia University,,
214,1008210014,"39 W 19th St, New York, NY 10011",Abner Properties,,
215,1013740014,"650 Madison Ave, New York, NY 10022",Vornado Realty Trust,,
216,1001540023,"14 Reade St, New York, NY 10007",City of New York,,
217,1007870044,"512 7 Ave, New York, NY 10018",Moinian Group,,
218,1008260026,"19 W 24th St, New York, NY 10010",Kaufman Organization,,
219,1000100014,"33 Whitehall St, New York, NY 10004",Broad Financial Center,,
220,1012870021,"477 Madison Ave, New York, NY 10022",RFR Realty,,
221,1012790057,"352 Madison Ave, New York, NY 10017",RFR Realty,,
222,1012900037,"410 Park Ave, New York, NY 10022",Global Holdings Management,,
223,1005110001,"568 Broadway, New York, NY 10012",Aurora Capital Associates,,
224,1007880049,"530 7 Ave, New York, NY 10018",Savitt Partners,,
225,1012990022,"437 Lexington Ave, New York, NY 10017",Gordon Property Group,,
226,1000750030,"111 John St, New York, NY 10038",KF Braun,,
227,1008630027,"169 Madison Ave, New York, NY 10016",GFP Real Estate,,
228,1005220001,"610 Broadway, New York, NY 10012",Macklowe Management,,
229,1008250012,"49 W 23rd St, New York, NY 10010",Jack Resnick & Sons,,
230,1000430001,"44 Wall St, New York, NY 10005",EQ Office,,
231,1013070014,"600 Lexington Ave, New York, NY 10022",Lex NY Equities,,
232,1013210047,"767 3 Ave, New York, NY 10017","Quantum Pacific Group, Metro Loft Management",,
233,1005970062,"323 Hudson St, New York, NY 10013",Divco West Services,,
234,1008490016,"902 Broadway, New York, NY 10010",Rosen Equities,,
235,1008290011,"45 W 27th St, New York, NY 10001",Kaufman Organization,,
236,1013120015,"135 E 57th St, New York, NY 10022",Cohen Brothers,,
237,1008610022,"135 Madison Ave, New York, NY 10016",Rosen Equities,,
238,1008150014,"1412 Broadway, New York, NY 10018",ABS Partners,,
239,1013080033,"880 3 Ave, New York, NY 10022",Jack Resnick & Sons,,
240,1001480010,"71 Thomas St, New York, NY 10013",GFP Real Estate,,
241,1009970041,"120 W 45th St, New York, NY 10036",Kamber Management,,
242,1008190039,"122 5Th Ave, New York, NY 10011",Bromley Companies,,
243,1012950017,"354 Lexington Ave, New York, NY 10017",Hilson Management,,
244,1013940013,"750 Lexington Ave, New York, NY 10022",Cohen Brothers,,
245,1007950037,"635 Ave Of The Americas, New York, NY 10011",Spear Street,,
246,1008760006,257 PARK AVENUE SOUTH,Feil Organization,,
247,1013950017,"770 Lexington Ave, New York, NY 10065",Swig Equities,,
248,1013210001,"757 3 Ave, New York, NY 10017",MEPT Fund,,
249,1006450029,"416 W 13th St, New York, NY 10014",Greenway Mews Realty,,
250,1008560058,"60 Madison Ave, New York, NY 10010",Moinian Group,,
251,1013130014,"722 Lexington Ave, New York, NY 10022",Vornado Realty Trust,,
252,1008110021,1333 BROADWAY,Empire State Realty Trust,,
253,1008130055,"1385 Broadway, New York, NY 10018",Columbia University,,
254,1008620045,"30 E 33rd St, New York, NY 10016",Samco Properties,,
255,1007890036,"550 7 Ave, New York, NY 10018",Adler Group,,
256,1005630001,"83 University Pl, New York, NY 10003",CIM Group,,
257,1012620001,"1180 Ave Of The Americas, New York, NY 10036",Northwood Investors,,
258,1012930035,"460 Park Ave, New York, NY 10022",Hahn Kook Center,,
259,1013170021,"815 2 Ave, New York, NY 10017",Episcopal Church,,
260,1007850041,"470 7 Ave, New York, NY 10018",Kaufman Organization,,
261,1005480009,"13 University Pl, New York, NY 10003",NYU,,
262,1008710003,"32 Union Square, New York, NY 10003",GFP Real Estate,,
263,1012980023,"425 Lexington Ave, New York, NY 10017",Vanbarton Group,,
264,1012860043,"34 E 51st St, New York, NY 10022",Sedesco,,
265,1008570062,"72 Madison Ave, New York, NY 10016",Moinian Group,,
266,1008290032,"13 W 27th St, New York, NY 10001",Kaufman Organization,,
267,1007620050,"318 W 39th St, New York, NY 10018",GFP Real Estate,,
268,1012830069,"589 5 Ave, New York, NY 10017",Mactaggart Family,,
269,1012930069,"745 5 Ave, New York, NY 10022",Paramount Group,,
270,1008260065,"40 W 25th St, New York, NY 10010",Kaufman Organization,,
271,1008600001,"285 5 Ave, New York, NY 10118",Brause Realty,,
272,1008560009,"11 E 26th St, New York, NY 10010",Adams & Company,,
273,1004990007,"104 Greene St, New York, NY 10012",SL Green Realty,,
274,1008210041,"148 5 Ave, New York, NY 10011",Sovereign Partners,,
275,1004970001,"530 Broadway, New York, NY 10012",Wharton Properties,,
276,1006460019,"860 Washington St, New York, NY 10014",Meadow Partners,,
277,1008260046,"1115 Broadway, New York, NY 10010",Adams & Company,,
278,1005650015,"849 Broadway, New York, NY 10003",Feil Organization,,
279,1008000025,"119 W 24th St, New York, NY 10011",China Orient Asset Management Corporation,,
280,1008660076,"397 5 Ave, New York, NY 10016",Hilson Management,,
281,1008630067,"178 Madison Ave, New York, NY 10016",Prudential,,
282,1000680011,"75 Maiden Lane, New York, NY 10038",AM Property Holding,,
283,1008830001,"387 Park Ave South, New York, NY 10016",TF Cornerstone,,
284,1013180033,"228 E 45th St, New York, NY 10017",Steinberg,,
285,1013050040,"830 3 Ave, New York, NY 10022",Empire State Realty Trust,,
286,1008410031,"1 W 39th St, New York, NY 10018",Triangle Assets,,
287,1008820076,"116 E 27th St, New York, NY 10016",Samco Properties,,
288,1008610049,"38 E 32nd St, New York, NY 10016",Williams Equities,,
289,1008500001,"149 5 Ave, New York, NY 10010",Brookfield,,
290,1008400042,"424 5 Ave, New York, NY 10018",Amazon,,
291,1008590064,"105 Madison Ave, New York, NY 10016",Vornado Realty Trust,,
292,1000200009,"45 Broadway, New York, NY 10006",Cammeby's,,
293,1007790041,"352 7 Ave, New York, NY 10001",AM Property Holding,,
294,1013040033,"800 3 Ave, New York, NY 10022",SL Green Realty,,
295,1008040044,"104 W 29th St, New York, NY 10001",Samco Properties,,
296,1008600045,"450 Park Ave South, New York, NY 10016",Moinian Group,,
297,1012900003,"693 5 Ave, New York, NY 10022",Fimalac,,
298,1007780020,"239 W 28th St, New York, NY 10001",Lexin,,
299,1000640015,"160 Broadway, New York, NY 10038",KF Braun,,
300,1010260032,"848 7 Ave, New York, NY 10019",Vornado Realty Trust,,
301,1000220024,"50 Broadway, New York, NY 10004",50 Broadway Realty,,
302,1000460001,"2 Wall St, New York, NY 10005",Fieldstone Capital,,
303,1008380012,"53 W 36th St, New York, NY 10018",Fatollah Hematian,,
304,1005760046,"60 5 Ave, New York, NY 10011",NYU,,
305,1008320017,"1241 Broadway, New York, NY 10001",Corem Property Group,,
306,1012610034,"546 5 Ave, New York, NY 10036",Safra National Bank,,
307,1008380015,"43 W 36th St, New York, NY 10018",Samco Properties,,
308,1012890052,"527 Madison Ave, New York, NY 10022",Mitsui Fudosan America,,
309,1012590019,"23 W 43rd St, New York, NY 10036",APF Properties,,
310,1008060058,"128 W 31st St, New York, NY 10001",Vanbarton Group,,
311,1012810059,"18 E 46th St, New York, NY 10017",Klosed Properties,,
312,1008660001,"389 5 Ave, New York, NY 10016",Rosen Equities,,
313,1012630038,"590 5 Ave, New York, NY 10036",Fatollah Hematian,,
314,1008800084,"104 E 25th St, New York, NY 10010",Williams Equities,,
315,1007120029,"47 9 Ave, New York, NY 10011","Tavros Capital Partners, Arel",,
316,1008120006,"491 7 Ave, New York, NY 10018",Block Buildings,,
317,1008760001,"251 Park Ave South, New York, NY 10010",Feil Organization,,
318,1000880001,"217 Broadway, New York, NY 10007",Columbus Properties,,
319,1008190056,"18 W 18th St, New York, NY 10011",C.A. White,,
320,1007630049,"314 W 40th St, New York, NY 10018",City of New York,,
321,1008400071,"42 W 39th St, New York, NY 10018",Adams & Company,,
322,1012970023,"395 Lexington Ave, New York, NY 10174",Cooper Union,,
323,1009400012,"321 E 34th St, New York, NY 10016",Adams & Company,,
324,1008010024,"119 W 25th St, New York, NY 10001",AFIAA,,
325,1006090007,"154 W 14th St, New York, NY 10011",Abner Properties,,
326,1007620033,"575 8 Ave, New York, NY 10018",Olmstead Properties,,
327,1013030033,"776 3 Ave, New York, NY 10017",TIAA-CREF,,
328,1000420031,"80 Maiden Lane, New York, NY 10038",Cannon Hill Capital Partners,,
329,1007860023,"229 W 36th St, New York, NY 10018",Empire State Realty Trust,,
330,1007800071,"254 W 31st St, New York, NY 10001",Winoker Realty,,
331,1007850067,"242 W 36th St, New York, NY 10018",Kaufman Organization,,
332,1000880010,"30 Vesey St, New York, NY 10007",Greystone,,
333,1013750016,"652 Madison Ave, New York, NY 10065",Extell Development,,
334,1009930055,"1441 Broadway, New York, NY 10018",L.H. Charney Associates,,
335,1010080037,"106 W 56th St, New York, NY 10019",Savanna Real Estate Fund,,
336,1019980017,"615 W 131st St, New York, NY 10027",Columbia University,,
337,1007280060,"442 W 31st St, New York, NY 10001",450 West 31st Ownrscp,,
338,1007760059,"236 W 27th St, New York, NY 10001",Rosen Equities,,
339,1002210030,"200 Hudson St, New York, NY 10013",Hines,,
340,1012950058,"364 Lexington Ave, New York, NY 10017",Triangle Assets,,
341,1005450006,"708 Broadway, New York, NY 10003",NYU,,
342,1008050003,"345 7 Ave, New York, NY 10001",Katan Realty Group,,
343,1008120069,"148 W 37th St, New York, NY 10018",Adams & Company,,
344,1012720034,"720 5 Ave, New York, NY 10019",Promenade Real Estate,,
345,1008260057,"24 W 25th St, New York, NY 10010",Savanna Real Estate Fund,,
346,1008710060,"30 Irving Pl, New York, NY 10003",Samco Properties,,
347,1008590052,"44 E 30th St, New York, NY 10016",Brookfield,,
348,1013940001,"505 Park Ave, New York, NY 10022",G.S. 505 Park,,
349,1007800010,"251 W 30th St, New York, NY 10001",Justin Towers,,
350,1008360043,"366 5 Ave, New York, NY 10001",Joseph P. Day,,
351,1004740030,"483 Broadway, New York, NY 10013",Vornado Realty Trust,,
352,1012920052,"575 Madison Ave, New York, NY 10022",Steinberg,,
353,1008300062,"1195 Broadway, New York, NY 10001",Williams Equities,,
354,1008220031,"154 5 Ave, New York, NY 10118",Hines,,
355,1009990003,"1560 Broadway, New York, NY 10036",Paramount Group,,
356,1008020008,"151 W 26th St, New York, NY 10001",Abner Properties,,
357,1006980001,"244 11 Ave, New York, NY 10001",Vornado Realty Trust,,
358,1008400031,"15 W 38th St, New York, NY 10018",Abner Properties,,
359,1012700049,"20 W 55th St, New York, NY 10019",Passaic Investors,,
360,1000220017,"32 Broadway, New York, NY 10004",Vornado Realty Trust,,
361,1000640012,"150 Broadway, New York, NY 10038",JEMB,,
362,1007860013,"255 W 36th St, New York, NY 10018",Triangle Assets,,
363,1008210032,"11 W 19th St, New York, NY 10011",Block Buildings,,
364,1007890052,"218 W 40th St, New York, NY 10018",Block Buildings,,
365,1005110008,"584 Broadway, New York, NY 10012",Vornado Realty Trust,,
366,1012600042,"2 W 45th St, New York, NY 10036",Joseph P. Day,,
367,1008810001,"351 Park Ave South, New York, NY 10010",M.D. Carlisle Construction,,
368,1005100038,"298 Lafayette St, New York, NY 10012",Kushner Companies,,
369,1007790017,"231 W 29th St, New York, NY 10001",Kaufman Organization,,
370,1005970055,"333 Hudson St, New York, NY 10013",Trinity Church Wall Street,,
371,1022150824,"4116 9 Ave, New York, NY 10034",City of New York,,
372,1004960036,"71 Spring St, New York, NY 10012",United American Land Company,,
373,1007790013,"241 W 29th St, New York, NY 10001",Rosen Equities,,
374,1008590015,"102 Madison Ave, New York, NY 10016",A. Ruth,,
375,1006010047,"120 Leroy St, New York, NY 10014",Centaur Properties,,
376,1008200038,"130 5 Ave, New York, NY 10011",Hampton Management Co,,
377,1008680008,"5 E 38th St, New York, NY 10016",Winter Organization,,
378,1012620048,"16 W 47th St, New York, NY 10036",Elo Realty,,
379,1008330038,"302 5 Ave, New York, NY 10016",Meadow Partners,,
380,1008610075,"315 5 Ave, New York, NY 10016",Gilar Realty,,
381,1008370058,"20 W 36th St, New York, NY 10018",Rosen Equities,,
382,1008280009,"37 W 26th St, New York, NY 10010",Windsor Management,,
383,1013090066,"110 E 55th St, New York, NY 10022",Parkoff Organization,,
384,1007940030,"615 Ave Of The Americas, New York, NY 10011",RXR Realty,,
385,1004960040,"75 Spring St, New York, NY 10012",Greystone,,
386,1000920024,"116 Nassau St, New York, NY 10038",Columbia University,,
387,1008620013,"15 E 32nd St, New York, NY 10016",Rian Holding,,
388,1005310020,"383 Lafayette St, New York, NY 10003",NYU,,
389,1012630007,"55 W 47th St, New York, NY 10036",Kaufman Organization,,
390,1000650007,"15 Maiden Lane, New York, NY 10038",Heller Properties,,
391,1008610064,"148 Madison Ave, New York, NY 10016",Winoker Realty,,
392,1005100001,"63 Prince St, New York, NY 10012",Bromley Companies,,
393,1001940042,"60 Walker St, New York, NY 10013",Vornado Realty Trust,,
394,1007990012,"155 W 23rd St, New York, NY 10011",MC Real Estate Partners,,
395,1018840001,"2880 Broadway, New York, NY 10025",Columbia University,,
396,1012770069,"511 5 Ave, New York, NY 10017",Aurora Capital Associates,,
397,1007940017,"135 W 18th St, New York, NY 10011",P.J. Mechanical,,
398,1012900044,"66 E 55th St, New York, NY 10022",Tak Development,,
399,1008190010,"47 W 17th St, New York, NY 10011",Argo Real Estate,,
400,1012900006,"3 E 54th St, New York, NY 10022",Cohen Brothers,,
401,1007840060,"224 W 35th St, New York, NY 10101",Gatsby,,
402,1008440042,"91 5 Ave, New York, NY 10003",HRC,,
403,1019860065,"3280 Broadway, New York, NY 10027",Columbia University,,
404,1008380048,"402 5 Ave, New York, NY 10018",NYU,,
405,1006460027,"428 W 14th St, New York, NY 10014",Rockpoint,,
406,1008610047,"44 E 32nd St, New York, NY 10016",Windsor Management,,
407,1008440003,"87 5 Ave, New York, NY 10003",Dezer Properties,,
408,1005450053,"400 Lafayette St, New York, NY 10003",NYU,,
409,1008830088,"401 Park Ave South, New York, NY 10016",Himmel + Meringoff,,
410,1012790069,"545 5 Ave, New York, NY 10017",Moinian Group,,
411,1007890021,"231 W 39th St, New York, NY 10018",Schur Management Company,,
412,1008800014,"121 E 24th St, New York, NY 10010",Adams & Company,,
413,1008120019,"135 W 36th St, New York, NY 10018",Waitex International,,
414,1005970001,"515 Greenwich St, New York, NY 10013",Trinity Church Wall Street,,
415,1012610030,"7 W 45th St, New York, NY 10036",Durst Organization,,
416,1017740056,"132 E 126th St, New York, NY 10035",Blumenfeld Development,,
417,1012600064,"56 W 45th St, New York, NY 10036",Gatsby,,
418,1019670045,"461 W 126th St, New York, NY 10027",Janus Property,,
419,1007990028,"119 W 23rd St, New York, NY 10011",Stellar Management,,
420,1008400023,"29 W 38th St, New York, NY 10018",ABS Partners,,
421,1008220015,"27 W 20th St, New York, NY 10011",Dezer Properties,,
422,1005630046,"57 E 11th St, New York, NY 10003",Winter Organization,,
423,1005460026,"21 W 4th St, New York, NY 10012",NYU,,
424,1008490063,"912 Broadway, New York, NY 10010",ABS Partners,,
425,1006970056,"536 W 26th St, New York, NY 10001",Ramrock Real Estate,,
426,1007890062,"240 W 40th St, New York, NY 10018",Sioni Group,,
427,1008010055,"122 W 26th St, New York, NY 10001",Dezer Properties,,
428,1012610036,"550 5 Ave, New York, NY 10036",Safra National Bank,,
429,1008420042,"71 5 Ave, New York, NY 10003",Madison International Realty,,
430,1012620024,"21 W 46th St, New York, NY 10036",Elo Realty,,
431,1008580022,"79 Madison Ave, New York, NY 10016",Williams Equities,,
432,1008020056,"122 W 27th St, New York, NY 10001",Rosen Equities,,
433,1008630060,"183 Madison Ave, New York, NY 10016",APF Properties,,
434,1008320001,"856 Ave Of The Americas, New York, NY 10001",Durst Organization,,
435,1008210055,"18 W 20th St, New York, NY 10011",Dezer Properties,,
436,1005120015,"591 Broadway, New York, NY 10012",GFP Real Estate,,
437,1010100021,"119 W 57th St, New York, NY 10019",Zar Property NY,,
438,1007840064,"240 W 35th St, New York, NY 10001",MetLife,,
439,1008260069,"48 W 25th St, New York, NY 10010",Savanna Real Estate Fund,,
440,1007780043,"330 7 Ave, New York, NY 10001",GFP Real Estate,,
441,1008590024,"99 Madison Ave, New York, NY 10016",Windsor Management,,
442,1008680072,"437 5 Ave, New York, NY 10016",Joseph P. Day,,
443,1008780065,"120 E 23rd St, New York, NY 10010",Williams Equities,,
444,1005770034,"8 W 14th St, New York, NY 10011",Soloviev Group,,
445,1009980024,"115 W 45th St, New York, NY 10036",Kiamie Industries,,
446,1008190037,"118 5 Ave, New York, NY 10011",Century Link,,
447,1005110006,"580 Broadway, New York, NY 10012",A.R.I Investors,,
448,1008410001,"1040 Ave Of The Americas, New York, NY 10018",Garden Homes,,
449,1007850018,"237 W 35th St, New York, NY 10001",Somerset Management,,
450,1012730001,"1400 Ave Of The Americas, New York, NY 10019",Empire State Realty Trust,,
451,1008390070,"42 W 38th St, New York, NY 10018",Elo Realty,,
452,1008220070,"54 W 21st St, New York, NY 10010",Olmstead Properties,,
453,1007890014,"251 W 39th St, New York, NY 10018",Miriam Ungar,,
454,1011020018,"619 W 54th St, New York, NY 10019",Silverstein Properties,,
455,1004730001,"462 Broadway, New York, NY 10013",Vornado Realty Trust,,
456,1012610016,"45 W 45th St, New York, NY 10036",AFIAA,,
457,1000510007,"76 Trinity Pl, New York, NY 10006",Trinity Church Wall Street,,
458,1007790075,"400 8 Ave, New York, NY 10001",Himmel + Meringoff,,
459,1008490031,"45 E 20th St, New York, NY 10003",Abner Properties,,
460,1005110012,"592 Broadway, New York, NY 10012",Vornado Realty Trust,,
461,1008500025,"33 E 21st St, New York, NY 10010",Centaur Properties,,
462,1007890075,"264 W 40th St, New York, NY 10018",Renaissance Properties,,
463,1009990009,"151 W 46th St, New York, NY 10036",Elo Realty,,
464,1008370056,"16 W 36th St, New York, NY 10018",Kiamie Industries,,
465,1012930026,"597 Madison Ave, New York, NY 10022",Fuller Madison,,
466,1008860001,"443 Park Ave South, New York, NY 10016",443 Park Avenue South,,
467,1007890030,"205 W 39th St, New York, NY 10018",Resolution Real Estate,,
468,1012600071,"1156 Ave Of The Americas, New York, NY 10036",APF Properties,,
469,1001960005,"408 Broadway, New York, NY 10013",United American Land Company,,
470,1008580006,"3 E 28th St, New York, NY 10016",Winter Organization,,
471,1008230029,"15 W 21st St, New York, NY 10010",Himmel + Meringoff,,
472,1012950020,"363 Lexington Ave, New York, NY 10017",AmTrust Realty,,
473,1007660061,"230 W 17th St, New York, NY 10011",Carnegie Hill Properties,,
474,1007610033,"545 8 Ave, New York, NY 10018",Global Holdings Management,,
475,1008590048,"434 Park Ave South, New York, NY 10016",Samco Properties,,
476,1005300001,"670 Broadway, New York, NY 10012",Wings Group,,
477,1008110056,"142 W 36th St, New York, NY 10018",ADAM Asset Management,,
478,1008030067,"150 W 28th St, New York, NY 10001",Dezer Properties,,
479,1008440001,"85 5 Ave, New York, NY 10003",Winoker Realty,,
480,1008140046,"108 W 39th St, New York, NY 10018",Joseph P. Day,,
481,1005230046,"625 Broadway, New York, NY 10012",Lincoln Property,,
482,1008400058,"16 W 39th St, New York, NY 10018",Behrooz Hedvat,,
483,1008200026,"23 W 18th St, New York, NY 10011",Kaufman Organization,,
484,1008220052,"18 W 21st St, New York, NY 10010",Kaufman Organization,,
485,1013120024,"145 E 57th St, New York, NY 10022",ABS Partners,,
486,1013910014,"974 Madison Ave, New York, NY 10075",Bloomberg,,
487,1008630006,"1 E 33rd St, New York, NY 10016",Williams Real Estate,,
488,1012610019,"35 W 45th St, New York, NY 10036",Stahl Organization,,
489,1008620016,"152 Madison Ave, New York, NY 10016",Safavieh,,
490,1009980012,"145 W 45th St, New York, NY 10036",Fatollah Hematian,,
491,1008600049,"36 E 31st St, New York, NY 10016",Williams Real Estate,,
492,1005630031,"817 Broadway, New York, NY 10003",Squire Investments,,
493,1007800013,"247 W 30th St, New York, NY 10001",SYU Properties,,
494,1014350044,"306 E 61st St, New York, NY 10065",Acram Group,,
495,1008390019,"35 W 37th St, New York, NY 10018",Abner Properties,,
496,1008410027,"15 W 39th St, New York, NY 10018",Northern Star,,
497,1008410027,"15 W 39th St, New York, NY 10018",Northern Star,,
498,1012750012,"15 E 40th St, New York, NY 10016",Ya Zhou Wen Hua,,
499,1011130008,"27 W 60th St, New York, NY 10023",Bonafide Estates,,
500,1008070039,"875 Ave Of The Americas, New York, NY 10001",Kaufman Organization,,
501,1007590031,"315 W 35th St, New York, NY 10001",Salva,,
502,1008610072,"6 E 32nd St, New York, NY 10016",Himmel + Meringoff,,
503,1008230073,"56 W 22nd St, New York, NY 10010",Williams Real Estate,,
504,1012750059,"292 Madison Ave, New York, NY 10017",American Exchange Group,,
505,1013100041,"160 E 56th St, New York, NY 10022",Shokrollah Rehanian,,
506,1008690064,"16 E 40th St, New York, NY 10016",Quartz,,
507,1007950044,"641 Ave Of The Americas, New York, NY 10011",Spear Street,,
508,1008610001,"303 5 Ave, New York, NY 10016",Regency Property,,
509,1007840077,"494 8 Ave, New York, NY 10001",Elijah Equities,,
510,1012610042,"2 W 46th St, New York, NY 10036",Triangle Assets,,
511,1008360007,"43 W 34th St, New York, NY 10001",GFP Real Estate,,
512,1008240032,"3 W 22nd St, New York, NY 10010",Greystone,,
513,1008620026,"31 E 32nd St, New York, NY 10016",Kiamie Industries,,
514,1008610003,"307 5 Ave, New York, NY 10016",Elijah Equities,,
515,1008730067,"215 Park Ave South, New York, NY 10003",SL Green Realty,,
516,1008690020,"271 Madison Ave, New York, NY 10016",J.C. Dwight Management,,
517,1001240004,"11 Park Pl, New York, NY 10128",Stahl Organization,,
518,1008370023,"29 W 35th St, New York, NY 10001",LNR Partners,,
519,1004820016,"72 Spring St, New York, NY 10012",Heller Properties,,
520,1008390009,"49 W 37th St, New York, NY 10018",Samco Properties,,
521,1012630071,"1212 Ave Of The Americas, New York, NY 10036",Stawski Partners,,
522,1008340019,"39 W 32nd St, New York, NY 10001",Adams & Company,,
523,1010540041,"420 W 45th St, New York, NY 10036",GFP Real Estate,,
524,1008360033,"1 W 34th St, New York, NY 10001",BLDG Management Co.,,
525,1008590072,"112 Madison Ave, New York, NY 10016",Samco Properties,,
526,1007840051,"212 W 35th St, New York, NY 10001",Kaufman Organization,,
527,1008280033,"1140 Broadway, New York, NY 10001",Williams Equities,,
528,1012840056,"424 Madison Ave, New York, NY 10017",BLDG Management Co.,,
529,1008220058,"30 W 21st St, New York, NY 10010",Skyway Development Group,,
530,1008120016,"141 W 36th St, New York, NY 10018",Tishman Speyer,,
531,1008290068,"44 W 28th St, New York, NY 10001",Stellar Management,,
532,1012910021,"551 Madison Ave, New York, NY 10022",Lexin,,
533,1001550003,"52 Duane St, New York, NY 10007",Benjamin Partners,,
534,1008810029,"137 E 25th St, New York, NY 10010",Republic Investment,,
535,1008070028,"119 W 31st St, New York, NY 10001",Clarion Partners,,
536,1008070028,"119 W 31st St, New York, NY 10001",Clarion Partners,,
537,1008050019,"135 W 29th St, New York, NY 10001",Kaufman Organization,,
538,1008030021,"121 W 27th St, New York, NY 10001",Mehra Properties,,
539,1008330057,"22 W 32nd St, New York, NY 10001",Montague-Lee,,
540,1007880073,"250 W 39th St, New York, NY 10018",Lincoln Property,,
541,1008060009,"145 W 30th St, New York, NY 10001",Feil Organization,,
542,1005460021,"19 W 4Th St, New York, NY 10012",NYU,,
543,1008380062,"20 W 37th St, New York, NY 10018",Northern Estates,,
544,1007870072,"256 W 38th St, New York, NY 10018",Empire State Realty Trust,,
545,1005770019,"34 W 14th St, New York, NY 10011",New School,,
546,1012630051,"22 W 48th St, New York, NY 10036",Sioni Group,,
547,1008680012,"9 E 38th St, New York, NY 10016",ClearRock Properties,,
548,1007600055,"320 W 37th St, New York, NY 10018",Sioni Group,,
549,1008380008,"63 W 36th St, New York, NY 10018",Sioni Group,,
550,1008460026,"860 Broadway, New York, NY 10003",Vornado Realty Trust,,
551,1007860068,"240 W 37th St, New York, NY 10018",Sioni Group,,
552,1008020075,"158 W 27th St, New York, NY 10001",AFIAA,,
553,1007880004,"580 8 Ave, New York, NY 10018",Miriam Ungar,,
554,1012630059,"42 W 48th St, New York, NY 10036",Elo Realty,,
555,1005640007,"113 University Pl, New York, NY 10003",Amalgamated Lithographers of America,,
556,1005440008,"409 Lafayette St, New York, NY 10003",Himmel + Meringoff,,
557,1008380072,"40 W 37th St, New York, NY 10018",Park Ridge International,,
558,1008630029,"33 E 33rd St, New York, NY 10016",Elk Investors,,
559,1008220062,"38 W 21st St, New York, NY 10010",Jack Vogel Associates,,
560,1002320001,"434 Broadway, New York, NY 10013",MC Real Estate Partners,,
561,1012910045,"60 E 56th St, New York, NY 10022",6056 Leasehold,,
562,1008360035,"358 5 Ave, New York, NY 10001",Crown Acquisitions,,
563,1008040011,"145 W 28th St, New York, NY 10001",Dezer Properties,,
564,1005320015,"661 Broadway, New York, NY 10012",Continental East,,
565,1008220049,"12 W 21st St, New York, NY 10010",Himmel + Meringoff,,
566,1008330006,"1255 Broadway, New York, NY 10001",Olmstead Properties,,
567,1005010015,"130 Prince St, New York, NY 10012",Englewood Partners,,
568,1008710070,"116 E 16th St, New York, NY 10003",Samco Properties,,
569,1010120023,"215 W 40th St, New York, NY 10018",Heskel's Asset Management,,
570,1009030047,"220 E 23rd St, New York, NY 10010",A. Shalom Realty,,
571,1007630024,"315 W 39th St, New York, NY 10018",Handler Real Estate Services,,
572,1008400013,"49 W 38th St, New York, NY 10018",Heskel's Asset Management,,
573,1012920048,"32 E 57th St, New York, NY 10022",Joseph P. Day,,
574,1008370036,"3 W 35th St, New York, NY 10018",R F S C,,
575,1008000065,"150 W 25th St, New York, NY 10001",Dezer Properties,,
576,1009930001,"561 7 Ave, New York, NY 10018",Handler Real Estate Services,,
577,1007790057,"224 W 30th St, New York, NY 10001",Starpointe Management,,
578,1002310035,"451 Broadway, New York, NY 10013",Crale Realty,,
579,1007750058,"226 W 26th St, New York, NY 10001",Rocco Tomassetti,,
580,1007870020,"241 W 37th St, New York, NY 10018",Chetrit Group,,
581,1004860011,"84 Wooster St, New York, NY 10012",Stellar Management,,
582,1008400028,"21 W 38th St, New York, NY 10018",Brause Realty,,
583,1008110062,"152 W 36th St, New York, NY 10018",Frangene,,
584,1012620054,"30 W 47th St, New York, NY 10036",Elo Realty,,
585,1008580049,"38 E 29th St, New York, NY 10016",East 29 Associates,,
586,1008410018,"35 W 39th St, New York, NY 10018",Winoker Realty,,
587,1008390060,"22 W 38th St, New York, NY 10018",BEB,,
588,1005000011,"120 Wooster St, New York, NY 10012",120 Wooster,,
589,1008000068,"152 W 25th St, New York, NY 10001",Williams Real Estate,,
590,1007600012,"347 W 36th St, New York, NY 10018",HSP Real Estate Group,,